"","EVENT","IJC_SAMPLE_WT1","IJC_SAMPLE_WT2","IJC_SAMPLE_WT3","SJC_SAMPLE_WT1","SJC_SAMPLE_WT2","SJC_SAMPLE_WT3","IJC_SAMPLE_T200M1","IJC_SAMPLE_T200M2","IJC_SAMPLE_T200M3","SJC_SAMPLE_T200M1","SJC_SAMPLE_T200M2","SJC_SAMPLE_T200M3","IJC_SAMPLE_EV1","IJC_SAMPLE_EV2","IJC_SAMPLE_EV3","SJC_SAMPLE_EV1","SJC_SAMPLE_EV2","SJC_SAMPLE_EV3","IncLevel_WT1","IncLevel_WT2","IncLevel_WT3","IncLevel_T200M1","IncLevel_T200M2","IncLevel_T200M3","IncLevel_EV1","IncLevel_EV2","IncLevel_EV3","events"
"1","ACD_chr16:-:67658927:67659613:67658927:67659419:67659536:67659613",18,20,25,185,181,168,23,74,63,229,229,147,48,38,20,135,121,151,0.052,0.058,0.077,0.053,0.153,0.194,0.166,0.15,0.069,"RI"
"2","ACO2_chr22:+:41527287:41528022:41527287:41527420:41527900:41528022",162,144,141,214,185,147,140,182,189,326,325,259,131,138,136,258,240,284,0.275,0.28,0.324,0.177,0.219,0.267,0.202,0.223,0.193,"RI"
"3","ARRDC1_chr9:+:137612895:137613510:137612895:137613006:137613412:137613510",149,120,197,43,45,55,199,308,323,7,24,38,218,219,209,25,23,39,0.634,0.571,0.642,0.934,0.865,0.81,0.813,0.826,0.728,"RI"
"4","ASAH1_chr8:-:18064456:18067298:18064456:18064531:18067219:18067298",39,32,45,104,78,103,72,80,65,65,131,121,70,64,79,87,86,103,0.158,0.17,0.179,0.356,0.234,0.212,0.287,0.271,0.277,"RI"
"5","ATP13A1_chr19:-:19656659:19656916:19656659:19656766:19656846:19656916",12,18,25,142,143,175,30,24,54,82,203,144,49,20,44,73,118,107,0.052,0.076,0.085,0.192,0.071,0.196,0.304,0.099,0.211,"RI"
"6","CCDC78_chr16:-:724321:724806:724321:724509:724680:724806",94,132,205,22,41,51,344,314,290,25,51,10,203,226,164,18,35,17,0.681,0.617,0.668,0.873,0.755,0.935,0.849,0.764,0.828,"RI"
"7","CDK10_chr16:+:89693273:89693467:89693273:89693326:89693397:89693467",100,91,149,98,106,124,230,364,234,165,237,149,162,127,172,61,93,89,0.409,0.368,0.449,0.486,0.51,0.515,0.643,0.48,0.567,"RI"
"8","CREB3L4_chr1:+:153972743:153973078:153972743:153972836:153972971:153973078",38,32,20,178,151,126,213,89,106,317,240,231,87,75,62,213,227,242,0.101,0.1,0.077,0.261,0.163,0.194,0.176,0.148,0.118,"RI"
"9","CSNK1G2_chr19:+:1978858:1979248:1978858:1979093:1979162:1979248",18,47,57,339,231,297,71,112,86,210,321,267,98,42,41,210,201,255,0.035,0.122,0.116,0.188,0.193,0.18,0.242,0.125,0.099,"RI"
"10","CTPS1_chr1:+:41008658:41008890:41008658:41008714:41008793:41008890",18,9,20,163,135,229,53,32,41,240,217,176,46,32,31,191,150,196,0.067,0.042,0.054,0.126,0.088,0.132,0.136,0.122,0.094,"RI"
"11","FAHD2A_chr2:+:95410526:95411026:95410526:95410586:95410863:95411026",27,17,14,166,113,161,36,42,23,273,102,95,22,24,34,83,102,93,0.075,0.07,0.042,0.062,0.171,0.108,0.117,0.105,0.155,"RI"
"12","FASTK_chr7:-:151077100:151077401:151077100:151077236:151077309:151077401",106,64,136,412,263,505,458,229,278,1055,808,620,200,151,181,533,355,421,0.147,0.14,0.153,0.226,0.16,0.231,0.201,0.222,0.224,"RI"
"13","GTF3C1_chr16:-:27463540:27464836:27463540:27463592:27464319:27464836",22,10,36,171,140,173,89,41,49,232,198,126,35,32,9,116,75,92,0.06,0.034,0.094,0.161,0.094,0.163,0.131,0.176,0.047,"RI"
"14","HAGHL_chr16:+:728115:728424:728115:728233:728315:728424",61,52,154,225,268,358,240,251,129,499,394,254,133,137,122,302,222,251,0.149,0.111,0.217,0.237,0.291,0.247,0.221,0.285,0.239,"RI"
"15","HAGHL_chr16:+:729008:729715:729008:729088:729287:729715",90,95,142,308,268,326,507,357,269,640,370,297,206,142,142,231,184,272,0.127,0.151,0.179,0.284,0.325,0.312,0.308,0.278,0.207,"RI"
"16","KLK11_chr19:-:51023091:51024310:51023091:51023228:51024044:51024310",60,53,47,491,427,367,42,35,45,201,164,145,80,54,35,209,201,280,0.058,0.058,0.06,0.095,0.096,0.134,0.161,0.118,0.059,"RI"
"17","MFSD10_chr4:-:2932599:2933209:2932599:2932758:2933105:2933209",90,123,131,305,346,306,200,244,233,254,411,257,131,128,108,233,167,251,0.129,0.151,0.176,0.282,0.229,0.312,0.219,0.277,0.177,"RI"
"18","MRNIP_chr5:-:179837275:179840959:179837275:179837885:179840871:179840959",195,104,128,29,36,35,877,464,387,16,47,28,296,310,307,20,10,17,0.771,0.591,0.646,0.965,0.832,0.874,0.881,0.939,0.9,"RI"
"19","NBEAL2_chr3:+:47007240:47007697:47007240:47007350:47007524:47007697",26,37,63,113,96,146,138,73,127,167,170,121,78,54,76,126,89,113,0.103,0.162,0.177,0.292,0.177,0.344,0.236,0.233,0.252,"RI"
"20","NUP62_chr19:-:49927693:49929504:49927693:49927848:49929325:49929504",173,117,160,26,50,44,145,260,269,0,34,14,221,245,240,12,11,23,0.769,0.539,0.645,1,0.793,0.906,0.902,0.918,0.839,"RI"
"21","OGFOD2_chr12:+:122975810:122976767:122975810:122975867:122976653:122976767",75,59,61,115,116,104,26,58,55,142,138,143,16,22,64,109,88,123,0.246,0.203,0.227,0.084,0.174,0.161,0.068,0.111,0.206,"RI"
"22","PHPT1_chr9:+:136850012:136850560:136850012:136850137:136850502:136850560",195,144,312,9,4,4,605,412,435,57,35,24,308,259,256,22,23,14,0.915,0.947,0.975,0.841,0.855,0.901,0.875,0.849,0.901,"RI"
"23","PNKD_chr2:+:218340727:218341626:218340727:218340786:218341533:218341626",28,10,12,201,163,266,34,48,39,97,240,200,37,21,20,99,168,181,0.065,0.03,0.022,0.149,0.091,0.089,0.157,0.059,0.052,"RI"
"24","PNKP_chr19:-:49861607:49861881:49861607:49861695:49861771:49861881",20,14,39,250,191,265,79,94,38,482,335,287,76,37,35,182,193,242,0.05,0.046,0.089,0.098,0.157,0.081,0.217,0.113,0.087,"RI"
"25","RGL2_chr6:-:33293412:33293699:33293412:33293524:33293603:33293699",95,49,104,331,284,297,201,193,175,384,481,407,138,85,94,273,240,286,0.158,0.101,0.186,0.255,0.208,0.219,0.248,0.188,0.177,"RI"
"26","RNF123_chr3:+:49720799:49721105:49720799:49720894:49721019:49721105",63,69,26,103,61,80,140,91,109,101,111,56,77,104,76,82,53,65,0.25,0.381,0.15,0.43,0.308,0.514,0.338,0.516,0.389,"RI"
"27","RPS7_chr2:+:3575324:3575684:3575324:3575448:3575591:3575684",126,102,185,10,4,15,179,130,93,30,24,24,120,126,141,19,30,19,0.865,0.929,0.863,0.753,0.734,0.664,0.763,0.682,0.791,"RI"
"28","RPS9_chr19:+:54206552:54207647:54206552:54206724:54207397:54207647",59,82,65,188,160,121,196,119,90,325,117,155,78,84,86,109,107,136,0.136,0.204,0.212,0.232,0.337,0.225,0.264,0.282,0.24,"RI"
"29","SMIM7_chr19:-:16646147:16647261:16646147:16646800:16647095:16647261",459,364,573,40,39,35,1228,888,605,199,93,94,473,462,518,60,56,78,0.852,0.824,0.891,0.755,0.827,0.763,0.798,0.805,0.769,"RI"
"30","SNHG1_chr11:-:62853800:62854551:62853800:62854064:62854518:62854551",68,87,68,126,141,198,65,70,83,232,276,273,44,54,58,173,207,178,0.212,0.236,0.147,0.123,0.113,0.132,0.113,0.115,0.14,"RI"
"31","TMEM138_chr11:+:61364251:61364518:61364251:61364315:61364432:61364518",279,228,436,17,18,17,426,479,374,8,9,4,400,314,416,4,5,20,0.902,0.876,0.935,0.968,0.968,0.981,0.982,0.972,0.921,"RI"
"32","UCKL1_chr20:-:63945804:63946267:63945804:63945975:63946160:63946267",74,59,51,188,182,167,53,162,84,77,147,124,64,66,64,84,90,117,0.164,0.139,0.132,0.256,0.355,0.253,0.276,0.268,0.215,"RI"
"33","AGTRAP_chr1:+:11746126:11746223:11745800:11745837:11747439:11747545",45,49,60,192,146,127,48,66,20,272,210,170,32,30,31,183,167,145,0.124,0.169,0.222,0.097,0.16,0.067,0.096,0.098,0.115,"SE"
"34","BCAR1_chr16:-:75237182:75237344:75235667:75235986:75242469:75242702",208,153,192,22,5,3,172,326,320,3,5,8,234,246,330,3,6,1,0.825,0.939,0.97,0.966,0.97,0.952,0.975,0.953,0.994,"SE"
"35","BCLAF1_chr6:-:136267028:136267175:136261264:136261477:136268161:136268273",397,291,405,145,135,152,210,240,374,135,157,225,254,311,246,142,170,170,0.58,0.52,0.573,0.439,0.435,0.456,0.474,0.479,0.421,"SE"
"36","CD46_chr1:+:207790252:207790345:207785618:207785682:207793518:207793873",60,67,78,142,132,168,12,46,59,103,165,186,42,42,53,154,173,180,0.206,0.238,0.222,0.067,0.147,0.163,0.144,0.13,0.153,"SE"
"37","CD47_chr3:-:108050577:108050602:108047078:108047292:108051938:108051970",160,187,151,152,179,175,445,226,176,345,157,98,177,231,191,107,84,130,0.474,0.472,0.425,0.525,0.552,0.606,0.586,0.702,0.557,"SE"
"38","CD47_chr3:-:108051938:108051970:108043090:108047292:108057476:108057569",210,225,286,125,111,129,499,253,177,171,78,50,165,135,204,45,48,62,0.58,0.625,0.646,0.706,0.728,0.745,0.751,0.698,0.73,"SE"
"39","CDC25B_chr20:+:3800742:3800865:3800461:3800498:3800970:3801093",800,607,811,98,39,70,391,704,599,155,173,82,399,510,551,65,84,100,0.817,0.895,0.864,0.58,0.69,0.8,0.771,0.769,0.751,"SE"
"40","CHD3_chr17:+:7907600:7907702:7907352:7907488:7907890:7908019",122,133,101,6,0,0,128,131,112,4,10,7,109,147,103,6,7,9,0.923,1,1,0.95,0.886,0.905,0.915,0.926,0.872,"SE"
"41","CKB_chr14:-:103520501:103520592:103520121:103520311:103521262:103521342",313,283,330,31,30,18,419,358,226,113,58,25,106,135,206,26,18,43,0.862,0.854,0.919,0.697,0.793,0.849,0.717,0.823,0.748,"SE"
"42","CTNND1_chr11:+:57815914:57816001:57815393:57815500:57816296:57819178",70,43,62,249,269,322,47,125,112,86,135,191,85,109,109,114,143,147,0.151,0.092,0.108,0.257,0.369,0.27,0.32,0.325,0.319,"SE"
"43","DMWD_chr19:-:45784640:45784715:45782946:45784290:45785593:45786871",47,46,32,114,108,114,61,77,57,76,100,120,65,71,67,82,81,112,0.215,0.221,0.157,0.348,0.339,0.24,0.345,0.368,0.285,"SE"
"44","DTYMK_chr2:-:241680228:241680319:241678451:241678649:241685768:241685877",481,334,551,80,52,54,1108,779,507,39,57,37,459,461,626,30,42,60,0.789,0.8,0.864,0.946,0.895,0.895,0.905,0.872,0.866,"SE"
"45","EED_chr11:+:86268455:86268561:86263944:86266216:86276979:86277138",117,153,180,0,1,3,247,221,153,9,10,6,109,169,169,1,8,19,1,0.989,0.972,0.941,0.928,0.937,0.985,0.925,0.839,"SE"
"46","ELOC_chr8:-:73964486:73964625:73959764:73959818:73972076:73972252",125,96,140,123,96,114,97,140,105,302,229,141,80,75,94,105,129,132,0.345,0.341,0.389,0.142,0.24,0.278,0.283,0.231,0.269,"SE"
"47","ENSG00000285043_chr16:+:30066884:30067038:30064423:30064505:30067233:30067366",28,42,54,137,154,142,9,17,13,285,398,246,18,21,22,194,204,239,0.093,0.12,0.16,0.016,0.021,0.026,0.044,0.049,0.044,"SE"
"48","FANCD2_chr3:+:10090291:10090385:10088827:10088950:10092180:10092252",125,106,151,2,10,0,213,185,163,0,0,0,118,176,164,0,0,0,0.975,0.867,1,1,1,1,1,1,1,"SE"
"49","GSTO2_chr10:+:104277893:104278116:104275161:104275334:104297577:104297684",158,132,198,0,0,1,255,194,111,1,17,6,113,120,152,9,8,1,1,1,0.99,0.992,0.851,0.902,0.863,0.882,0.987,"SE"
"50","HNRNPA2B1_chr7:-:26190992:26191128:26189708:26190460:26192494:26192577",473,458,614,171,120,196,1780,1032,831,279,204,134,711,672,645,133,169,117,0.591,0.666,0.621,0.769,0.726,0.764,0.736,0.675,0.742,"SE"
"51","HNRNPA2B1_chr7:-:26190992:26191650:26189940:26190460:26192494:26192577",335,326,454,171,120,196,1337,745,646,279,204,134,495,488,471,133,169,117,0.495,0.576,0.537,0.706,0.646,0.707,0.65,0.591,0.668,"SE"
"52","HNRNPA2B1_chr7:-:26191055:26191128:26189730:26190460:26192494:26192577",95,70,75,171,120,196,311,155,140,279,204,134,130,116,135,133,169,117,0.272,0.281,0.204,0.428,0.338,0.412,0.396,0.315,0.436,"SE"
"53","IAH1_chr2:+:9475986:9476039:9474550:9474647:9478221:9478370",159,157,145,19,8,22,272,222,156,2,21,9,176,201,184,3,9,5,0.861,0.935,0.829,0.99,0.886,0.927,0.977,0.943,0.964,"SE"
"54","IFNGR2_chr21:+:33414887:33415020:33403412:33403616:33421479:33421685",181,213,192,7,1,0,134,211,164,7,8,10,128,139,146,13,4,2,0.932,0.991,1,0.91,0.933,0.897,0.839,0.948,0.975,"SE"
"55","IFT22_chr7:-:101318955:101319032:101318123:101318213:101321670:101321777",280,220,326,40,27,18,218,257,266,0,16,20,185,261,222,11,9,5,0.822,0.843,0.923,1,0.914,0.898,0.917,0.95,0.967,"SE"
"56","IQCB1_chr3:-:121788283:121788432:121781742:121781874:121790072:121790215",203,247,180,6,5,9,236,260,190,30,18,27,129,155,157,10,7,23,0.944,0.961,0.909,0.797,0.878,0.779,0.866,0.917,0.773,"SE"
"57","KXD1_chr19:+:18560419:18560550:18557761:18557914:18562035:18562157",33,36,18,157,123,151,1,7,22,148,163,132,13,5,12,153,154,131,0.101,0.135,0.06,0.004,0.022,0.081,0.043,0.017,0.046,"SE"
"58","LGMN_chr14:-:92706482:92706653:92703808:92704361:92709671:92709872",176,158,167,11,1,12,332,266,198,3,2,3,158,156,172,2,1,3,0.889,0.988,0.874,0.982,0.985,0.971,0.975,0.987,0.966,"SE"
"59","LRRFIP2_chr3:-:37091466:37091538:37083635:37083806:37094791:37094908",123,126,111,170,223,213,54,57,50,201,253,232,35,23,59,183,180,170,0.328,0.276,0.26,0.153,0.132,0.127,0.114,0.079,0.19,"SE"
"60","MEMO1_chr2:-:31891991:31892134:31869850:31869952:31917925:31918037",151,152,211,5,3,18,207,177,155,0,0,6,106,110,171,1,1,2,0.939,0.963,0.857,1,1,0.929,0.982,0.982,0.978,"SE"
"61","METTL13_chr1:+:171790451:171790616:171787734:171787930:171792016:171792235",335,241,455,19,15,20,528,697,441,11,6,6,389,416,400,15,4,10,0.898,0.889,0.919,0.96,0.983,0.974,0.928,0.981,0.952,"SE"
"62","MINDY1_chr1:-:151000456:151000615:150999861:150999964:151001249:151001314",167,348,225,20,11,9,348,360,217,8,7,3,223,196,218,10,0,2,0.807,0.941,0.926,0.956,0.963,0.973,0.918,1,0.982,"SE"
"63","MRPL48_chr11:+:73817822:73817947:73808312:73808350:73825707:73825796",17,21,24,148,121,111,8,10,17,237,248,150,3,9,7,154,164,167,0.059,0.086,0.105,0.018,0.021,0.058,0.01,0.029,0.022,"SE"
"64","MYL6_chr12:+:56160625:56160670:56160242:56160320:56161386:56161550",2592,1926,2204,4779,3589,4414,9416,4148,3465,12303,6101,4587,2811,3129,3881,3179,3329,4108,0.294,0.292,0.277,0.37,0.343,0.367,0.404,0.419,0.42,"SE"
"65","NAA10_chrX:-:153933960:153934001:153932538:153932584:153934376:153934475",155,129,131,4,0,0,235,225,183,14,18,5,107,107,163,3,9,7,0.968,1,1,0.929,0.907,0.966,0.965,0.903,0.948,"SE"
"66","NAGLU_chr17:+:42540949:42541206:42538669:42538755:42543027:42544449",111,111,173,0,2,5,206,185,135,10,3,16,99,112,168,3,6,12,1,0.965,0.945,0.912,0.969,0.808,0.943,0.903,0.875,"SE"
"67","NASP_chr1:+:45607320:45608337:45606481:45606591:45613168:45613248",353,259,436,193,185,182,215,226,161,359,271,235,137,169,177,221,200,170,0.478,0.412,0.545,0.23,0.294,0.255,0.237,0.297,0.342,"SE"
"68","NIT2_chr3:+:100345584:100345678:100341072:100341161:100348802:100348881",250,174,268,0,0,7,267,349,264,36,15,12,197,194,234,3,11,19,1,1,0.959,0.82,0.934,0.931,0.976,0.915,0.883,"SE"
"69","NIT2_chr3:+:100346180:100346255:100341072:100341161:100348802:100348881",265,207,238,0,0,7,487,316,269,36,15,12,213,237,180,3,11,19,1,1,0.958,0.9,0.933,0.937,0.979,0.935,0.863,"SE"
"70","NT5C3B_chr17:-:41827425:41827626:41825056:41825657:41828789:41828952",220,141,180,5,1,3,382,240,212,46,9,7,119,198,137,12,5,11,0.957,0.986,0.968,0.806,0.93,0.938,0.832,0.952,0.862,"SE"
"71","OARD1_chr6:-:41068840:41068953:41064771:41067437:41070075:41070134",289,191,223,12,8,18,327,300,279,34,30,42,134,192,231,15,28,34,0.932,0.931,0.876,0.845,0.85,0.791,0.836,0.796,0.794,"SE"
"72","OS9_chr12:+:57720098:57720263:57718992:57719182:57720405:57720518",904,682,717,376,233,232,1473,1202,964,919,760,595,786,920,882,382,513,469,0.546,0.594,0.607,0.445,0.442,0.448,0.507,0.473,0.485,"SE"
"73","PARP6_chr15:-:72249244:72249314:72242619:72242699:72250019:72250092",18,46,20,110,146,151,15,27,17,230,229,164,13,11,9,121,115,98,0.1,0.177,0.083,0.042,0.074,0.066,0.068,0.061,0.059,"SE"
"74","PLEKHB2_chr2:+:131144407:131144449:131140166:131140275:131146636:131149851",28,30,35,389,281,438,49,65,67,188,477,387,62,69,94,275,306,339,0.053,0.077,0.059,0.169,0.096,0.119,0.15,0.15,0.178,"SE"
"75","PPHLN1_chr12:+:42351884:42352049:42335882:42335974:42355160:42355222",214,222,151,86,100,74,78,146,100,101,114,122,112,108,80,116,90,131,0.554,0.526,0.505,0.279,0.39,0.291,0.326,0.375,0.234,"SE"
"76","PPIL3_chr2:-:200882341:200882435:200881420:200881488:200885697:200885772",109,139,214,11,18,41,242,220,156,7,10,15,129,142,147,1,12,7,0.859,0.826,0.762,0.955,0.931,0.864,0.988,0.879,0.928,"SE"
"77","PRMT2_chr21:+:46636438:46636547:46635673:46635763:46636895:46636990",180,101,197,260,188,221,211,125,116,377,366,234,99,108,92,185,206,284,0.286,0.237,0.34,0.244,0.165,0.223,0.236,0.232,0.158,"SE"
"78","PRPSAP2_chr17:+:18867281:18867334:18865801:18865952:18872582:18872649",118,127,146,15,15,20,119,121,117,3,8,2,128,96,121,4,4,4,0.853,0.862,0.843,0.967,0.918,0.977,0.959,0.947,0.957,"SE"
"79","PTGR2_chr14:+:73879095:73879305:73876997:73877168:73880054:73880176",116,130,146,9,3,9,167,170,118,21,18,14,97,131,102,14,17,12,0.866,0.956,0.89,0.799,0.825,0.808,0.776,0.794,0.81,"SE"
"80","PUS1_chr12:+:131941291:131941983:131931514:131932312:131943538:131943859",145,128,223,15,14,27,424,393,222,11,4,7,146,210,160,4,2,7,0.829,0.821,0.805,0.951,0.98,0.941,0.948,0.981,0.92,"SE"
"81","RAD1_chr5:-:34915415:34915626:34914694:34914961:34918051:34918136",162,139,155,23,5,0,142,108,133,0,1,3,114,123,129,1,1,2,0.779,0.933,1,1,0.982,0.957,0.983,0.984,0.97,"SE"
"82","RCC1_chr1:+:28530522:28530573:28529857:28529939:28531802:28531818",144,118,149,215,174,225,27,74,93,141,195,189,63,87,91,181,187,252,0.333,0.336,0.33,0.125,0.22,0.268,0.206,0.257,0.212,"SE"
"83","RFXANK_chr19:+:19197185:19197251:19196962:19197046:19197520:19197621",403,328,366,71,48,101,664,575,451,225,192,114,194,290,307,65,93,114,0.797,0.826,0.715,0.672,0.675,0.733,0.674,0.684,0.651,"SE"
"84","RPE_chr2:+:210009638:210009736:210002623:210002783:210015972:210016112",228,153,190,20,5,19,177,199,191,7,4,7,141,175,137,1,2,4,0.873,0.949,0.858,0.938,0.968,0.943,0.988,0.981,0.954,"SE"
"85","RPP21_chr6:+:30345466:30345573:30345297:30345398:30346431:30346557",211,118,165,5,4,1,425,301,246,43,11,20,190,227,187,8,9,20,0.961,0.945,0.99,0.852,0.941,0.877,0.933,0.936,0.845,"SE"
"86","RPP21_chr6:+:30345490:30345929:30345297:30345398:30346431:30346493",174,140,210,5,4,1,409,282,227,43,11,20,147,165,176,8,9,20,0.946,0.946,0.991,0.826,0.928,0.85,0.902,0.902,0.815,"SE"
"87","RPS24_chr10:+:78037438:78037441:78037193:78037304:78040203:78040225",1299,1046,1183,907,648,719,4427,2326,1744,1601,929,760,1453,1510,2014,575,618,787,0.584,0.613,0.617,0.73,0.711,0.692,0.712,0.705,0.715,"SE"
"88","SAT1_chrX:+:23784293:23784403:23783799:23783883:23785327:23785429",15,16,9,172,188,136,79,80,56,247,165,152,47,47,30,127,126,122,0.048,0.047,0.037,0.155,0.218,0.175,0.176,0.177,0.124,"SE"
"89","SIRT6_chr19:-:4179103:4179286:4177078:4177138:4180781:4180909",192,117,121,7,14,12,194,179,177,3,1,5,154,161,156,1,1,3,0.932,0.807,0.834,0.97,0.989,0.947,0.987,0.988,0.963,"SE"
"90","SLC25A29_chr14:-:100298841:100298885:100293293:100293377:100306198:100306444",243,133,278,25,16,1,188,264,255,4,3,7,245,217,204,3,11,3,0.882,0.865,0.995,0.973,0.985,0.966,0.984,0.938,0.981,"SE"
"91","SLC25A38_chr3:+:39391440:39391620:39390422:39390507:39391852:39392021",347,256,347,22,7,18,478,502,460,0,19,2,359,408,503,3,17,3,0.887,0.948,0.906,1,0.93,0.991,0.984,0.923,0.988,"SE"
"92","SLC33A1_chr3:-:155833467:155834041:155829687:155829903:155842431:155842619",137,150,132,10,6,14,130,173,147,2,5,3,142,102,144,1,2,4,0.873,0.926,0.825,0.97,0.945,0.961,0.986,0.962,0.947,"SE"
"93","SLC33A1_chr3:-:155842431:155842619:155833467:155834041:155853222:155854250",164,139,119,6,2,12,132,200,153,0,2,1,129,136,188,0,0,2,0.932,0.972,0.832,1,0.98,0.987,1,1,0.979,"SE"
"94","SMYD3_chr1:-:245915529:245915640:245863798:245863886:245927930:245928033",165,227,221,19,14,23,259,385,256,8,23,9,184,154,204,3,5,8,0.833,0.903,0.846,0.949,0.906,0.942,0.972,0.946,0.936,"SE"
"95","SPG7_chr16:+:89555877:89556085:89554485:89554563:89556886:89557701",25,25,24,117,105,148,152,51,53,199,171,146,37,30,50,121,89,109,0.097,0.106,0.075,0.276,0.13,0.154,0.133,0.144,0.187,"SE"
"96","SPG7_chr16:+:89555920:89556085:89554485:89554563:89556886:89557343",21,13,17,117,105,148,137,43,37,199,171,146,28,30,40,121,89,109,0.082,0.058,0.054,0.256,0.112,0.112,0.104,0.144,0.155,"SE"
"97","SPG7_chr16:+:89555958:89556085:89554485:89554563:89556886:89557488",20,12,17,117,105,148,132,33,33,199,171,146,27,21,34,121,89,109,0.084,0.058,0.058,0.264,0.094,0.109,0.108,0.113,0.144,"SE"
"98","SYTL2_chr11:-:85717482:85717530:85714412:85714507:85718789:85718843",285,319,273,326,375,442,42,104,134,129,413,315,90,86,161,287,273,289,0.398,0.392,0.318,0.198,0.16,0.243,0.192,0.192,0.296,"SE"
"99","SYTL2_chr11:-:85717482:85717726:85714412:85714507:85718789:85718843",109,122,109,326,375,442,28,38,48,129,413,315,32,41,34,287,273,289,0.143,0.14,0.11,0.098,0.044,0.071,0.053,0.07,0.056,"SE"
"100","TCIRG1_chr11:+:68050486:68050664:68050136:68050254:68050740:68050868",145,136,146,4,4,5,573,340,267,64,12,16,311,218,279,21,24,13,0.948,0.944,0.936,0.817,0.934,0.893,0.881,0.82,0.915,"SE"
"101","TFAM_chr10:+:58390764:58390860:58388669:58388819:58394357:58394414",241,213,240,17,8,12,154,231,158,15,38,17,159,123,192,24,36,21,0.896,0.942,0.924,0.862,0.787,0.85,0.801,0.675,0.848,"SE"
"102","TMC4_chr19:-:54165418:54165566:54164433:54164601:54168170:54168292",206,222,230,2,5,2,207,274,254,16,17,3,140,130,123,12,4,5,0.981,0.957,0.983,0.866,0.89,0.977,0.854,0.942,0.925,"SE"
"103","TRMT2A_chr22:-:20115671:20115780:20115265:20115447:20116037:20116100",166,141,218,3,3,18,144,176,173,0,1,0,166,107,162,4,0,0,0.97,0.964,0.875,1,0.99,1,0.96,1,1,"SE"
"104","TTC39A_chr1:-:51296078:51296170:51294390:51294511:51297790:51297990",271,159,171,8,5,0,180,238,268,32,24,16,212,205,270,13,14,16,0.954,0.952,1,0.777,0.86,0.912,0.91,0.901,0.913,"SE"
"105","VPS29_chr12:-:110499534:110499546:110496011:110496203:110502048:110502099",87,46,81,99,86,81,108,152,145,70,88,62,83,99,93,37,79,52,0.449,0.331,0.481,0.588,0.615,0.684,0.675,0.537,0.623,"SE"
"106","ABI2_chr2:+:203395655:203395780:203395658:203395780:203394699:203394846",174,201,189,9,12,6,106,184,165,19,12,15,93,110,151,24,11,13,0.95,0.943,0.969,0.845,0.938,0.915,0.792,0.907,0.919,"A3SS"
"107","ADNP_chr20:-:50889047:50894512:50889047:50889957:50902016:50902109",315,336,304,11,30,29,187,205,262,37,83,27,159,182,198,28,25,31,0.935,0.848,0.84,0.716,0.553,0.829,0.74,0.784,0.762,"A3SS"
"108","BOLA2-SMG1P6_chr16:-:29446801:29447026:29446801:29446922:29454015:29454113",183,205,203,174,142,177,159,181,147,230,207,163,94,121,143,143,153,161,0.382,0.46,0.403,0.289,0.34,0.347,0.279,0.318,0.343,"A3SS"
"109","EMC9_chr14:-:24139544:24139789:24139544:24139614:24140888:24140965",75,44,72,259,200,272,171,209,110,550,412,254,66,89,79,157,191,216,0.126,0.099,0.117,0.135,0.202,0.178,0.174,0.189,0.155,"A3SS"
"110","INTS11_chr1:-:1312225:1312501:1312225:1312368:1312592:1312700",197,171,238,0,0,3,414,357,279,16,24,10,138,173,223,10,2,5,1,1,0.977,0.932,0.887,0.936,0.879,0.979,0.959,"A3SS"
"111","MTA1_chr14:+:105464415:105464567:105464462:105464567:105464031:105464147",552,591,535,40,52,48,292,529,449,60,89,71,402,320,355,68,44,50,0.913,0.896,0.894,0.787,0.819,0.828,0.818,0.847,0.844,"A3SS"
"112","PFN2_chr3:-:149964903:149966586:149964903:149966264:149968357:149968550",656,529,710,975,824,986,640,800,784,386,435,499,583,660,674,476,436,564,0.252,0.243,0.265,0.453,0.479,0.44,0.38,0.431,0.374,"A3SS"
"113","PLEKHB2_chr2:+:131140166:131140275:131140169:131140275:131132901:131132991",343,342,367,16,29,28,151,403,341,35,59,50,231,298,434,46,46,62,0.955,0.92,0.928,0.809,0.87,0.87,0.831,0.864,0.873,"A3SS"
"114","RBM39_chr20:-:35709223:35709274:35709223:35709256:35713018:35713096",264,302,307,218,186,229,315,277,265,420,333,226,209,205,238,238,219,254,0.519,0.592,0.545,0.401,0.426,0.511,0.439,0.455,0.455,"A3SS"
"115","RBM39_chr20:-:35709223:35709309:35709223:35709256:35713018:35713096",75,68,66,218,186,229,74,77,46,420,333,226,53,48,42,238,219,254,0.202,0.212,0.175,0.115,0.146,0.131,0.141,0.139,0.109,"A3SS"
"116","RHPN1_chr8:+:143379828:143380175:143380061:143380175:143379314:143379508",173,181,202,2,0,1,182,314,231,2,5,23,158,176,189,13,1,3,0.977,1,0.99,0.978,0.969,0.834,0.859,0.989,0.969,"A3SS"
"117","RNF10_chr12:+:120563331:120563623:120563346:120563623:120562944:120563070",109,75,85,401,316,410,116,65,75,610,637,439,66,29,56,327,395,323,0.198,0.177,0.159,0.147,0.085,0.134,0.155,0.063,0.136,"A3SS"
"118","RPS24_chr10:+:78037438:78040225:78040203:78040225:78037193:78037304",1396,1128,1292,907,648,719,4676,2474,1866,1601,929,760,1543,1624,2102,575,618,787,0.435,0.465,0.473,0.594,0.571,0.551,0.573,0.568,0.572,"A3SS"
"119","SLC2A8_chr9:+:127403659:127403803:127403737:127403803:127402556:127402753",144,111,130,4,11,1,183,202,183,20,37,11,140,179,131,13,17,25,0.959,0.869,0.988,0.857,0.782,0.916,0.876,0.874,0.775,"A3SS"
"120","SSH3_chr11:+:67310065:67310339:67310163:67310339:67309767:67309968",431,344,414,43,23,27,523,528,464,42,96,104,413,374,394,69,61,77,0.858,0.9,0.902,0.883,0.768,0.729,0.783,0.787,0.755,"A3SS"
"121","TMEM161A_chr19:-:19132351:19132508:19132351:19132433:19132656:19132754",148,136,192,2,1,4,138,120,117,3,13,12,120,128,131,7,16,0,0.98,0.989,0.97,0.968,0.86,0.866,0.919,0.842,1,"A3SS"
"122","CYREN_chr7:-:135168744:135169060:135168968:135169060:135167731:135167807",206,184,300,14,9,19,235,278,206,19,40,24,176,187,226,31,18,38,0.88,0.911,0.888,0.861,0.777,0.811,0.739,0.839,0.748,"A5SS"
"123","CYREN_chr7:-:135168785:135169060:135168968:135169060:135167731:135167807",265,209,333,14,9,19,297,321,234,19,40,24,215,222,249,31,18,38,0.904,0.921,0.898,0.887,0.8,0.83,0.776,0.86,0.766,"A5SS"
"124","DSCAM-AS1_chr21:+:40383082:40383584:40383082:40383455:40384578:40385358",5190,5422,5432,900,827,1092,9521,7572,5941,2564,1904,1472,5108,5207,5094,1167,1318,1331,0.756,0.778,0.727,0.666,0.681,0.684,0.701,0.679,0.672,"A5SS"
"125","GTF3C1_chr16:-:27464319:27464836:27464394:27464836:27463540:27463592",267,211,285,126,105,97,355,337,195,245,228,115,186,135,170,116,141,187,0.585,0.572,0.662,0.491,0.496,0.53,0.516,0.389,0.377,"A5SS"
"126","HNRNPA1_chr12:+:54284257:54284321:54284257:54284317:54286661:54286732",69,67,84,110,72,107,116,83,70,263,174,214,53,47,37,111,148,181,0.379,0.475,0.433,0.3,0.317,0.242,0.317,0.236,0.166,"A5SS"
"127","HNRNPA2B1_chr7:-:26190992:26192577:26192494:26192577:26189665:26190460",519,477,665,171,120,196,1538,979,893,279,204,134,752,639,613,133,169,117,0.603,0.665,0.629,0.734,0.706,0.769,0.739,0.654,0.724,"A5SS"
"128","SPG7_chr16:+:89554485:89556085:89554485:89554563:89556886:89557173",31,22,17,117,105,148,139,39,57,199,171,146,50,33,65,121,89,109,0.117,0.095,0.054,0.259,0.102,0.163,0.171,0.156,0.23,"A5SS"
"129","TLE3_chr15:-:70058158:70058291:70058185:70058291:70057458:70057658",351,349,345,39,34,30,320,651,419,4,30,23,275,362,425,6,14,29,0.884,0.897,0.907,0.985,0.948,0.939,0.975,0.956,0.925,"A5SS"
"130","TMEM101_chr17:-:44014815:44015155:44014983:44015155:44014356:44014537",157,143,127,0,2,0,193,189,196,26,65,35,144,179,124,17,23,24,1,0.973,1,0.788,0.592,0.737,0.809,0.796,0.721,"A5SS"
"131","ABI1_chr10:-:26755654:26755741:26759061:26759238:26751597:26751783:26765217:26765318",227,225,195,19,15,23,149,154,103,25,26,21,102,114,128,12,37,26,0.904,0.922,0.87,0.825,0.824,0.795,0.871,0.709,0.796,"MXE"
"132","ATP2C1_chr3:+:130999517:130999659:131001219:131001344:130998293:130998389:131016151:131016684",216,162,213,7,18,5,231,199,168,30,26,17,155,111,121,18,19,12,0.967,0.894,0.976,0.879,0.878,0.903,0.89,0.846,0.905,"MXE"
"133","ATP5PB_chr1:+:111456629:111456755:111459456:111459636:111456085:111456249:111460916:111461026",1018,1001,1091,1036,864,974,1846,1375,1056,2815,1650,1253,897,917,976,1221,1067,1239,0.516,0.557,0.548,0.415,0.475,0.477,0.443,0.482,0.461,"MXE"
"134","BMP7_chr20:-:57183721:57183919:57202474:57202623:57174930:57175007:57228228:57228421",1636,1503,1810,1585,1316,1666,1650,1833,1446,2179,2056,1707,1235,1255,1451,1603,1642,1696,0.508,0.533,0.521,0.431,0.471,0.459,0.435,0.433,0.461,"MXE"
"135","CNOT8_chr5:+:154858638:154858816:154863206:154863395:154858261:154858525:154865191:154865385",23,7,10,199,201,243,34,28,19,154,204,215,13,32,47,147,173,189,0.104,0.034,0.04,0.181,0.121,0.081,0.081,0.156,0.199,"MXE"
"136","CSDE1_chr1:-:114719578:114720717:114739691:114739890:114718612:114718745:114749820:114750207",4207,4209,4635,6620,6482,6526,1090,3202,2889,10093,8465,6915,2119,2717,3116,6303,6782,6438,0.389,0.394,0.415,0.097,0.274,0.295,0.252,0.286,0.326,"MXE"
"137","D2HGDH_chr2:+:241744708:241744877:241755848:241756014:241743621:241743815:241767709:241768809",144,112,184,112,106,184,127,178,150,467,332,226,106,135,144,184,161,224,0.562,0.514,0.5,0.214,0.349,0.399,0.366,0.456,0.391,"MXE"
"138","D2HGDH_chr2:+:241751245:241751388:241755848:241756014:241749816:241750294:241767709:241767948",136,154,178,112,106,183,228,229,137,467,337,226,152,124,124,184,161,224,0.553,0.597,0.498,0.333,0.41,0.382,0.457,0.44,0.361,"MXE"
"139","DDX5_chr17:-:64500548:64500773:64502009:64502069:64498253:64500326:64502161:64502223",869,771,1036,2125,1710,2547,1203,1163,1033,4262,3651,3326,771,778,687,2571,2380,2187,0.368,0.391,0.367,0.287,0.312,0.307,0.3,0.318,0.309,"MXE"
"140","ELP2_chr18:+:36160931:36161004:36167100:36167222:36159957:36160015:36171046:36171160",229,270,303,25,19,34,322,399,295,99,47,45,156,217,159,42,56,38,0.918,0.945,0.916,0.799,0.912,0.889,0.819,0.825,0.836,"MXE"
"141","ENSG00000272897_chr20:-:35632794:35632923:35655201:35655344:35632516:35632696:35658929:35659014",294,198,309,272,277,292,44,172,178,176,301,281,121,152,175,236,238,250,0.507,0.405,0.502,0.192,0.352,0.376,0.328,0.378,0.4,"MXE"
"142","ESYT2_chr7:-:158748193:158748280:158749648:158749723:158743528:158743678:158759485:158759581",40,69,59,270,179,175,16,10,7,124,196,192,26,26,18,152,189,202,0.135,0.289,0.262,0.12,0.051,0.037,0.153,0.127,0.086,"MXE"
"143","FXYD3_chr19:+:35122764:35122839:35123270:35123308:35121221:35121245:35123440:35123655",2227,2338,1924,482,340,411,5551,3994,2869,1952,946,873,3010,3663,3482,796,866,1054,0.794,0.852,0.796,0.704,0.779,0.733,0.759,0.779,0.734,"MXE"
"144","GREB1_chr2:+:11556453:11556771:11562462:11562582:11534044:11534254:11566479:11566656",82,47,111,568,451,567,19,14,8,173,381,321,20,23,31,221,288,446,0.115,0.086,0.15,0.09,0.032,0.022,0.076,0.067,0.059,"MXE"
"145","KMT5B_chr11:-:68171542:68171709:68173803:68173913:68171231:68171251:68175017:68175183",93,99,117,117,94,101,51,92,82,107,126,124,62,77,73,96,123,136,0.478,0.548,0.571,0.354,0.457,0.432,0.426,0.419,0.382,"MXE"
"146","MPHOSPH6_chr16:-:82149308:82149403:82151423:82151514:82148161:82148863:82164081:82164194",108,130,135,77,47,71,158,161,98,205,126,107,89,97,55,88,97,75,0.588,0.738,0.659,0.439,0.565,0.482,0.507,0.504,0.427,"MXE"
"147","NUP85_chr17:+:75226050:75226157:75231339:75231423:75225697:75225829:75231572:75231638",69,87,101,42,38,68,102,98,73,151,125,74,46,72,74,84,62,85,0.599,0.676,0.575,0.381,0.416,0.473,0.333,0.514,0.442,"MXE"
"148","PPIL3_chr2:-:200882341:200882435:200885261:200885343:200881420:200881488:200885697:200885772",12,16,17,109,139,214,7,14,6,242,220,156,0,3,4,129,142,147,0.104,0.108,0.077,0.03,0.063,0.039,0,0.022,0.028,"MXE"
"149","PPIL3_chr2:-:200882341:200882435:200885261:200885367:200881420:200881488:200885697:200885772",44,44,41,109,139,214,25,37,20,242,220,156,15,28,22,129,142,147,0.278,0.232,0.154,0.09,0.138,0.109,0.1,0.158,0.125,"MXE"
"150","RET_chr10:+:43102341:43102629:43104951:43105193:43100458:43100722:43106375:43106571",392,385,402,206,226,203,154,620,600,157,424,487,336,378,522,248,260,424,0.656,0.63,0.664,0.495,0.594,0.552,0.575,0.592,0.552,"MXE"
"151","SPIDR_chr8:+:47293866:47294030:47440322:47440542:47291032:47291137:47595810:47595984",97,68,111,71,67,115,23,36,56,87,118,91,36,62,45,99,69,85,0.577,0.504,0.491,0.209,0.234,0.381,0.267,0.473,0.346,"MXE"
"152","SSBP4_chr19:+:18431352:18431418:18431646:18431706:18430840:18430930:18431792:18431862",64,73,94,359,278,414,94,68,30,521,481,445,38,61,45,314,358,377,0.148,0.203,0.181,0.149,0.121,0.062,0.105,0.142,0.104,"MXE"
"153","TPRA1_chr3:-:127575184:127575265:127575939:127576050:127571231:127573788:127576616:127576696",116,122,129,63,58,48,140,199,149,208,168,143,89,101,129,84,87,77,0.62,0.65,0.704,0.373,0.512,0.48,0.484,0.507,0.597,"MXE"
"154","USP48_chr1:-:21706466:21706589:21706743:21706868:21706125:21706187:21715388:21715457",65,87,99,74,92,85,41,64,55,112,123,83,44,53,49,78,75,93,0.466,0.484,0.536,0.267,0.341,0.397,0.359,0.412,0.343,"MXE"
"155","ZMYND8_chr20:-:47236325:47236516:47246007:47246517:47229725:47229806:47249286:47249439",887,750,911,678,814,769,84,463,484,255,617,551,307,421,492,439,507,599,0.567,0.48,0.542,0.248,0.429,0.468,0.412,0.454,0.451,"MXE"
"156","ZMYND8_chr20:-:47238895:47239138:47246007:47246517:47236325:47236516:47249286:47249439",887,747,911,517,532,518,84,472,483,151,595,342,309,421,500,368,339,455,0.632,0.584,0.638,0.357,0.442,0.585,0.456,0.554,0.524,"MXE"
